{"muw1": -2.215715687442853, "sigmaw1": 1e-06, "mub1": -3.7608443432938987, "sigmab1": 1e-06, "muw2": -2.2582352733176325, "sigmaw2": 1e-06, "mub2": -0.49804401706502444, "sigmab2": 0.033712997082947414, "muw3": 2.246679486634992, "sigmaw3": 1e-06, "mub3": -0.6155240034929893, "sigmab3": 1e-06, "muw4": -0.07719309948155106, "sigmaw4": 0.1, "muw5": 0.8709282839494779, "sigmaw5": 0.1, "muw6": 0.21921119833409852, "sigmaw6": 0.1, "mub4": -4.142217250120919, "sigmab4": 1e-06, "muw7": 0.3299553865022251, "sigmaw7": 0.1, "muw8": 0.10078195096464171, "sigmaw8": 0.1, "muw9": 0.5393555565131669, "sigmaw9": 0.1, "mub5": 0.17996404503329597, "sigmab5": 1e-06, "muw10": 0.43784806573812396, "sigmaw10": 1e-06, "muw11": 1.6379881058684602, "sigmaw11": 1e-06, "muw12": 1.798108150683716, "sigmaw12": 1e-06, "mub6": -0.5719323995397158, "sigmab6": 0.16307566973251247, "muw13": -2.230290400223174, "sigmaw13": 0.2791670905697387, "muw14": 0.9885836954040323, "sigmaw14": 1e-06, "muw15": 1.0875672052742433, "sigmaw15": 1e-06, "mub7": 0.9666314889659955, "sigmab7": 0.19490400190556798, "x": 2.0}