{"muw1": -0.22911149365911115, "sigmaw1": 0.6461817974917907, "mub1": 0.38098105933464627, "sigmab1": 1e-06, "muw2": -0.9687247924848951, "sigmaw2": 1e-06, "mub2": 0.07639143979917112, "sigmab2": 1e-06, "muw3": 0.26582073449585164, "sigmaw3": 0.146543319423482, "mub3": 1.3382273388534405, "sigmab3": 1e-06, "muw4": 0.7460646816528775, "sigmaw4": 0.1, "muw5": 0.4813092199307989, "sigmaw5": 0.1, "muw6": 0.11203506763123117, "sigmaw6": 0.1, "mub4": -0.02311249109497383, "sigmab4": 1e-06, "muw7": -0.3803003752139047, "sigmaw7": 0.1, "muw8": -0.563552566007677, "sigmaw8": 0.1, "muw9": -0.04025743468974641, "sigmaw9": 0.1, "mub5": 0.6370092157563466, "sigmab5": 1e-06, "muw10": -0.7861094230394075, "sigmaw10": 1e-06, "muw11": 0.7700506348025966, "sigmaw11": 1e-06, "muw12": 1.1966227364762012, "sigmaw12": 1e-06, "mub6": 0.8895633266519335, "sigmab6": 1e-06, "muw13": 1.2981934397795765, "sigmaw13": 1e-06, "muw14": -0.990348203116104, "sigmaw14": 0.06390231185704692, "muw15": -0.3943785512863813, "sigmaw15": 1e-06, "mub7": 0.7427265552672178, "sigmab7": 1e-06, "x": 0.9899799823760986}