{"muw1": -2.19239185645094, "sigmaw1": 1e-06, "mub1": -3.7808089078782516, "sigmab1": 1e-06, "muw2": -2.2711967506254047, "sigmaw2": 1e-06, "mub2": -0.46917606105026693, "sigmab2": 1e-06, "muw3": 2.253922542532523, "sigmaw3": 1e-06, "mub3": -0.556689540021865, "sigmab3": 1e-06, "muw4": -0.07719309948155106, "sigmaw4": 0.1, "muw5": 0.8709282839494779, "sigmaw5": 0.1, "muw6": 0.21921119833409852, "sigmaw6": 0.1, "mub4": -4.1304384999293395, "sigmab4": 1e-06, "muw7": 0.3299553865022251, "sigmaw7": 0.1, "muw8": 0.10078195096464171, "sigmaw8": 0.1, "muw9": 0.5393555565131669, "sigmaw9": 0.1, "mub5": 0.16048216757571554, "sigmab5": 1e-06, "muw10": 0.36463808375336926, "sigmaw10": 1e-06, "muw11": 1.6489907418504612, "sigmaw11": 1e-06, "muw12": 1.7900226013745315, "sigmaw12": 1e-06, "mub6": -0.5951899491077457, "sigmab6": 0.14081757058617894, "muw13": -2.1502514797245964, "sigmaw13": 0.3253371834332329, "muw14": 0.9766038670522332, "sigmaw14": 1e-06, "muw15": 1.1073311117880098, "sigmaw15": 1e-06, "mub7": 0.9480109417408757, "sigmab7": 0.1841968159483587, "x": 5.0}