{"muw1": 2.279439569127966, "sigmaw1": 1e-06, "mub1": -2.8743411678992734, "sigmab1": 1e-06, "muw2": -1.3148452161069897, "sigmaw2": 1e-06, "mub2": -0.4087885247057582, "sigmab2": 1e-06, "muw3": 1.8232089358162187, "sigmaw3": 1e-06, "mub3": -0.7776573307847977, "sigmab3": 1e-06, "muw4": 0.8072395466265743, "sigmaw4": 0.1, "muw5": -0.9184728688131856, "sigmaw5": 0.1, "muw6": 0.41911401713300767, "sigmaw6": 0.1, "mub4": 0.18647479581544407, "sigmab4": 0.08375987539998762, "muw7": -0.06106687260693011, "sigmaw7": 0.1, "muw8": -0.10741738982473259, "sigmaw8": 0.1, "muw9": -0.7836955134216623, "sigmaw9": 0.1, "mub5": 0.9965527533488272, "sigmab5": 1e-06, "muw10": 2.540821012721476, "sigmaw10": 1e-06, "muw11": -0.33460814299534436, "sigmaw11": 0.7730657236421714, "muw12": -1.0807753370311926, "sigmaw12": 1e-06, "mub6": 0.034961008037768186, "sigmab6": 1e-06, "muw13": -2.4887840234859566, "sigmaw13": 0.10311555725065742, "muw14": 1.116567178601477, "sigmaw14": 0.09043463124823949, "muw15": 1.0871357244820579, "sigmaw15": 1e-06, "mub7": 0.48789669471542557, "sigmab7": 1e-06, "x": 1.5671342611312866}