{"muw1": -2.1936996617599704, "sigmaw1": 1e-06, "mub1": -3.7737396228966826, "sigmab1": 1e-06, "muw2": -2.2625746177835437, "sigmaw2": 1e-06, "mub2": -0.503789049411778, "sigmab2": 1e-06, "muw3": 2.234994692486409, "sigmaw3": 1e-06, "mub3": -0.6478055397614234, "sigmab3": 1e-06, "muw4": -0.07719309948155106, "sigmaw4": 0.1, "muw5": 0.8709282839494779, "sigmaw5": 0.1, "muw6": 0.21921119833409852, "sigmaw6": 0.1, "mub4": -4.155027785055132, "sigmab4": 1e-06, "muw7": 0.3299553865022251, "sigmaw7": 0.1, "muw8": 0.10078195096464171, "sigmaw8": 0.1, "muw9": 0.5393555565131669, "sigmaw9": 0.1, "mub5": 0.16046742874328596, "sigmab5": 1e-06, "muw10": 0.3038933631390896, "sigmaw10": 1e-06, "muw11": 1.6072930036982251, "sigmaw11": 1e-06, "muw12": 1.8096042177713927, "sigmaw12": 1e-06, "mub6": -0.555246537171009, "sigmab6": 0.1806829513728418, "muw13": -2.13734054009261, "sigmaw13": 0.40016743749108163, "muw14": 1.0432400888288886, "sigmaw14": 1e-06, "muw15": 1.0533196336042971, "sigmaw15": 1e-06, "mub7": 0.9465548127855348, "sigmab7": 0.21037435127775259, "x": 1.5350701808929443}