{"muw1": 1.2151857320573358, "muw2": -1.0604418362770016, "muw3": 1.215185732057336, "muw4": -1.3684434924240703, "muw5": -1.218710749721211, "muw6": 0.9395859297893346, "muw7": -1.218710749721211, "muw8": -1.153299997052779, "mub1": -0.9389613402142967, "mub2": -0.9945426102614292, "mub3": -0.9389613402142967, "mub4": 0.8081077628591624, "mub5": 1.1715389334409658, "sigmaw1": 0.6996512767122847, "sigmaw2": 0.43976299239103267, "sigmaw3": 0.6996512767122846, "sigmaw4": 0.12380011510462624, "sigmaw5": 0.8243076362491782, "sigmaw6": 0.17127280014369756, "sigmaw7": 0.8243076362491782, "sigmaw8": 0.0759512439000547, "sigmab1": 0.42536230573541545, "sigmab2": 0.3033450202614943, "sigmab3": 0.4253623057354154, "sigmab4": 0.06826059338436567, "sigmab5": 0.41029039283103075, "x": 1.0}